,Kernel,Batch Size,Repeat,kFPS,Latency per Batch (ms)
0,Neighbor,1,0,14.079927024075362,0.07102309538182218
1,Neighbor,1,1,14.341409275711628,0.06972815437975007
2,Neighbor,1,2,14.206483319783644,0.07039039693992541
3,Neighbor,1,3,14.931123456122359,0.06697419674672637
4,Neighbor,1,4,14.574693485683797,0.06861207757008848
5,Neighbor,1,5,14.350934766121608,0.06968187203809956
6,Neighbor,1,6,14.420876087102167,0.06934391461101216
7,Neighbor,1,7,14.09665390671515,0.0709388204191943
8,Neighbor,1,8,14.73592245576545,0.06786137773198911
9,Neighbor,1,9,14.202981579440745,0.07040775166867293
10,Neighbor,1,10,15.145232699672327,0.06602737771217178
11,Neighbor,1,11,15.05656181983076,0.0664162251625677
12,Neighbor,1,12,12.833189906457678,0.07792294879831854
13,Neighbor,1,13,7.624954199895772,0.13114832873536073
14,Neighbor,1,14,14.7025244886375,0.06801553031065015
15,Neighbor,1,15,15.18628132958054,0.06584890522554418
16,Neighbor,1,16,15.090929185896517,0.06626497200282186
17,Neighbor,1,17,15.112528048871784,0.06617026593870604
18,Neighbor,1,18,15.286127744159431,0.06541879125549523
19,Neighbor,1,19,14.952440164927268,0.06687871604700478
20,Neighbor,1,20,15.105903304745974,0.06619928512886879
21,Neighbor,1,21,15.294055415546985,0.06538488143461689
22,Neighbor,1,22,15.243897418522344,0.0656000216050348
23,Neighbor,1,23,15.056898049356727,0.06641474204859366
24,Neighbor,1,24,15.180774427046975,0.06587279224822287
25,Neighbor,1,25,14.699945931026589,0.06802746110033915
26,Neighbor,1,26,14.205318115546516,0.07039617077674484
27,Neighbor,1,27,15.14154130693848,0.0660434746852197
28,Neighbor,1,28,14.561138637720209,0.06867594800653357
29,Neighbor,1,29,15.116843041843904,0.06615137811724102
30,Neighbor,2,0,28.797314847844653,0.06945091966272997
31,Neighbor,2,1,29.024471269763538,0.06890737066013379
32,Neighbor,2,2,29.190350023777782,0.06851579369109471
33,Neighbor,2,3,29.40770840815558,0.06800937945390345
34,Neighbor,2,4,31.289364863481442,0.06391948218591831
35,Neighbor,2,5,30.28081030616938,0.0660484306654278
36,Neighbor,2,6,29.664128710672745,0.0674214981841158
37,Neighbor,2,7,29.520367661883107,0.06774983370489703
38,Neighbor,2,8,29.767194475107754,0.06718805837320214
39,Neighbor,2,9,29.960348356770336,0.06675489804670602
40,Neighbor,2,10,29.012532745506945,0.06893572572734906
41,Neighbor,2,11,29.174275209431777,0.06855354539719356
42,Neighbor,2,12,29.47218016452156,0.0678606057928347
43,Neighbor,2,13,29.474575385916545,0.06785509116971483
44,Neighbor,2,14,29.485673251039223,0.06782955176136295
45,Neighbor,2,15,24.934282937815293,0.08021084885368021
46,Neighbor,2,16,26.847966983667153,0.0744935361853168
47,Neighbor,2,17,30.125021545706975,0.0663899940109757
48,Neighbor,2,18,29.86980486911799,0.06695725026539341
49,Neighbor,2,19,29.748325822319096,0.06723067415442492
50,Neighbor,2,20,29.43779374999591,0.06793987406071414
51,Neighbor,2,21,29.194481528987726,0.06850609756553354
52,Neighbor,2,22,29.22105894141385,0.06844378925520318
53,Neighbor,2,23,29.826701673675558,0.0670540115994508
54,Neighbor,2,24,29.678407406557863,0.06738906076065496
55,Neighbor,2,25,29.463890601334374,0.06787969813835187
56,Neighbor,2,26,28.6918932292727,0.06970610074484433
57,Neighbor,2,27,28.40283719368547,0.07041550061923535
58,Neighbor,2,28,28.562319526362355,0.07002232427776206
59,Neighbor,2,29,28.208337779530652,0.07090102279799336
60,Neighbor,4,0,50.422009751659004,0.0793304356510381
61,Neighbor,4,1,58.54899924938726,0.06831884492102334
62,Neighbor,4,2,60.37362514566316,0.0662540967243431
63,Neighbor,4,3,59.119847907358476,0.06765917270741374
64,Neighbor,4,4,57.98010990547177,0.06898917588327141
65,Neighbor,4,5,59.61057788507156,0.06710218457723979
66,Neighbor,4,6,57.58550001530803,0.06946193050223884
67,Neighbor,4,7,58.32351915093439,0.06858296718427556
68,Neighbor,4,8,56.048936424734954,0.07136620701752978
69,Neighbor,4,9,55.83634781383906,0.07163792326346599
70,Neighbor,4,10,56.90386225466336,0.07029399835987747
71,Neighbor,4,11,59.24967040103337,0.06751092407646939
72,Neighbor,4,12,46.26889229008237,0.08645117274306112
73,Neighbor,4,13,54.140243700876425,0.07388219421582043
74,Neighbor,4,14,55.160807199323756,0.0725152549988253
75,Neighbor,4,15,56.66282138896494,0.0705930255844796
76,Neighbor,4,16,59.076865224662285,0.06770839963814052
77,Neighbor,4,17,59.36277547574138,0.06738229417245832
78,Neighbor,4,18,57.53134841878005,0.06952731180370307
79,Neighbor,4,19,59.01723429258376,0.06777681211168936
80,Neighbor,4,20,58.258219693818376,0.0686598392642683
81,Neighbor,4,21,56.593530847398725,0.0706794564697823
82,Neighbor,4,22,57.137012283691945,0.07000716068490827
83,Neighbor,4,23,53.82398323489882,0.07431631327884422
84,Neighbor,4,24,52.29564175719822,0.07648820944910617
85,Neighbor,4,25,55.77740309342846,0.07171362914296864
86,Neighbor,4,26,60.04271594912721,0.06661923826678837
87,Neighbor,4,27,58.80598808450729,0.06802028382299757
88,Neighbor,4,28,57.808610077780074,0.06919384490680709
89,Neighbor,4,29,55.410475899347595,0.0721885155302753
90,Neighbor,8,0,101.13204686463035,0.07910449998810316
91,Neighbor,8,1,117.22789092414051,0.06824314535503237
92,Neighbor,8,2,118.21811198981706,0.06767152566849567
93,Neighbor,8,3,112.62031106906976,0.07103514387465704
94,Neighbor,8,4,111.87509472285639,0.07150831934326468
95,Neighbor,8,5,103.01956562352801,0.07765515173336092
96,Neighbor,8,6,107.4474445325012,0.07445500481475037
97,Neighbor,8,7,106.63912675666205,0.07501936900003936
98,Neighbor,8,8,104.89907812609819,0.07626377793695456
99,Neighbor,8,9,112.76062317302615,0.070946752287138
100,Neighbor,8,10,111.53033222530557,0.07172936581807157
101,Neighbor,8,11,112.76168162012078,0.07094608633942641
102,Neighbor,8,12,115.10703256730558,0.06950053199679374
103,Neighbor,8,13,119.11626208133032,0.06716127470939065
104,Neighbor,8,14,119.16834197448568,0.06713192335689981
105,Neighbor,8,15,115.80652165925083,0.06908073816031883
106,Neighbor,8,16,113.60034019037266,0.07042232432221167
107,Neighbor,8,17,116.90577768268192,0.06843117730001719
108,Neighbor,8,18,119.24046329676867,0.06709131932915591
109,Neighbor,8,19,117.23772676594317,0.0682374199899955
110,Neighbor,8,20,108.00222054219297,0.07407255109976799
111,Neighbor,8,21,114.54690066251776,0.06984038811813767
112,Neighbor,8,22,117.36777833139982,0.0681618082384689
113,Neighbor,8,23,112.81703850799215,0.07091127462482776
114,Neighbor,8,24,114.33506976504809,0.06996978281851346
115,Neighbor,8,25,110.38161326451069,0.07247583871445479
116,Neighbor,8,26,111.82461071262668,0.07154060227903553
117,Neighbor,8,27,113.43608784703942,0.07052429391594883
118,Neighbor,8,28,116.62955027961868,0.06859325085983824
119,Neighbor,8,29,119.1943423627724,0.06711727957398937
120,Neighbor,16,0,170.05598674740776,0.0940866611404017
121,Neighbor,16,1,221.68037725873603,0.0721759868773837
122,Neighbor,16,2,227.25803111918984,0.07040455257490325
123,Neighbor,16,3,229.65980248655586,0.06966826508934505
124,Neighbor,16,4,227.94590469194847,0.07019209238096548
125,Neighbor,16,5,225.8713125700555,0.07083679559810188
126,Neighbor,16,6,227.0142320589679,0.07048016265272714
127,Neighbor,16,7,230.70588501186862,0.06935237043986496
128,Neighbor,16,8,226.18373906510865,0.07073894907800725
129,Neighbor,16,9,227.38787031586213,0.07036435135161154
130,Neighbor,16,10,196.73225679573227,0.0813288083032202
131,Neighbor,16,11,215.18883374096518,0.07435330040990926
132,Neighbor,16,12,227.6242994132709,0.07029126521747428
133,Neighbor,16,13,227.65662499415356,0.07028128437031382
134,Neighbor,16,14,227.2073343278999,0.07042026194853905
135,Neighbor,16,15,229.3683555363267,0.06975678908534515
136,Neighbor,16,16,228.1284781306978,0.07013591696707586
137,Neighbor,16,17,226.40869396788437,0.07066866435027255
138,Neighbor,16,18,227.8309726784707,0.07022750160743157
139,Neighbor,16,19,228.19431981012207,0.07011568041357656
140,Neighbor,16,20,209.3251678905129,0.07643610255394023
141,Neighbor,16,21,227.24041785050434,0.07041000958960562
142,Neighbor,16,22,220.9907409625164,0.07240122337394153
143,Neighbor,16,23,218.30665207020544,0.07329139926920113
144,Neighbor,16,24,224.56308547269768,0.0712494663418101
145,Neighbor,16,25,224.13594156283588,0.07138524900752896
146,Neighbor,16,26,225.23639899854123,0.07103647577008024
147,Neighbor,16,27,225.21993840311296,0.07104166759588657
148,Neighbor,16,28,226.25867514060738,0.07071552058747306
149,Neighbor,16,29,220.40070774703418,0.07259504818997253
150,Neighbor,32,0,391.5078472121921,0.08173527102422655
151,Neighbor,32,1,426.6900958501276,0.07499588181498315
152,Neighbor,32,2,409.83000985234685,0.07808115372402555
153,Neighbor,32,3,420.3655917618423,0.07612421336837094
154,Neighbor,32,4,424.36653053962675,0.07540651228858371
155,Neighbor,32,5,415.74219854968555,0.07697077686997335
156,Neighbor,32,6,420.3964515629727,0.07611862536191415
157,Neighbor,32,7,427.5231956168882,0.07484973991604381
158,Neighbor,32,8,429.7843532826033,0.07445594460475509
159,Neighbor,32,9,420.51002654534835,0.07609806658569432
160,Neighbor,32,10,412.2463122338785,0.07762349607592253
161,Neighbor,32,11,427.9756948310899,0.07477060119647568
162,Neighbor,32,12,428.32257037533134,0.07471004848509145
163,Neighbor,32,13,423.76521136862607,0.0755135134775463
164,Neighbor,32,14,422.9903050334606,0.0756518521091604
165,Neighbor,32,15,427.80040650986535,0.07480123794427031
166,Neighbor,32,16,423.1635038904826,0.07562088815741021
167,Neighbor,32,17,424.5351909018455,0.07537655460792778
168,Neighbor,32,18,425.9107717969006,0.07513310796295025
169,Neighbor,32,19,425.53213103405,0.07519996180368207
170,Neighbor,32,20,414.99034548059757,0.07711022761973177
171,Neighbor,32,21,427.0557543572239,0.07493166799301014
172,Neighbor,32,22,429.8238349717075,0.07444910541572537
173,Neighbor,32,23,427.02217181285414,0.07493756088623954
174,Neighbor,32,24,423.9034349556125,0.07548889053789047
175,Neighbor,32,25,429.28066252289096,0.07454330649774757
176,Neighbor,32,26,421.92179753698986,0.07584343872917484
177,Neighbor,32,27,428.02459860606365,0.07476205831210064
178,Neighbor,32,28,427.3869248038157,0.07487360549153212
179,Neighbor,32,29,430.0126136373973,0.07441642171683735
180,Neighbor,64,0,575.2774708345842,0.11125066293166662
181,Neighbor,64,1,583.9872252671555,0.109591438358471
182,Neighbor,64,2,578.5504058908964,0.11062130343068012
183,Neighbor,64,3,567.1467319676552,0.1128455766252215
184,Neighbor,64,4,573.7187640004915,0.11155291410330298
185,Neighbor,64,5,568.4130425963854,0.11259417923920627
186,Neighbor,64,6,589.4377866935148,0.1085780407106434
187,Neighbor,64,7,576.1153738559037,0.11108885980884704
188,Neighbor,64,8,588.6075344551758,0.10873119396821752
189,Neighbor,64,9,585.7451404410908,0.10926253686339643
190,Neighbor,64,10,589.4669862008675,0.10857266224947038
191,Neighbor,64,11,585.1152354108339,0.10938016330246968
192,Neighbor,64,12,567.5110206354891,0.11277314038471692
193,Neighbor,64,13,579.5911763539284,0.11042266102567146
194,Neighbor,64,14,578.2420795625699,0.1106802881734496
195,Neighbor,64,15,576.7703576854478,0.11096270664260378
196,Neighbor,64,16,586.5415731679534,0.10911417523967036
197,Neighbor,64,17,603.8989036672365,0.10597800329054019
198,Neighbor,64,18,601.9894065022796,0.10631416318745081
199,Neighbor,64,19,525.586930914021,0.12176862900434171
200,Neighbor,64,20,564.0004396345026,0.11347508885183644
201,Neighbor,64,21,579.321048094488,0.11047414936935196
202,Neighbor,64,22,589.3755337791331,0.1085895092889686
203,Neighbor,64,23,570.7589954265528,0.11213139085468123
204,Neighbor,64,24,592.3308874432195,0.1080477168365376
205,Neighbor,64,25,586.7324665097218,0.10907867495506925
206,Neighbor,64,26,578.9701741548696,0.11054110014116295
207,Neighbor,64,27,569.5499746988398,0.11236941944179911
208,Neighbor,64,28,593.9996383110258,0.10774417334996554
209,Neighbor,64,29,585.4349465927615,0.1093204298316675
210,Neighbor,128,0,983.7759859219527,0.13011092142083938
211,Neighbor,128,1,994.4608850682391,0.1287129558556913
212,Neighbor,128,2,1000.5176778779428,0.12793377151664406
213,Neighbor,128,3,1005.4460896112191,0.1273066764320446
214,Neighbor,128,4,1004.479336647306,0.1274292017068575
215,Neighbor,128,5,1001.0249354150027,0.12786894259225826
216,Neighbor,128,6,1004.4580777211419,0.1274318986914807
217,Neighbor,128,7,1000.2776132918378,0.1279644753607568
218,Neighbor,128,8,1005.9346053962481,0.1272448520145894
219,Neighbor,128,9,1005.339549546118,0.12732016765657767
220,Neighbor,128,10,1004.5782818393288,0.12741665066224495
221,Neighbor,128,11,998.812493332529,0.12815218157006542
222,Neighbor,128,12,999.0178967642556,0.1281258327949704
223,Neighbor,128,13,994.9943904257523,0.1286439413444628
224,Neighbor,128,14,996.852411589512,0.12840416345675487
225,Neighbor,128,15,1000.9804357344034,0.12787462714602252
226,Neighbor,128,16,1004.7572978405938,0.127393949041321
227,Neighbor,128,17,999.7741736228005,0.12802891230544272
228,Neighbor,128,18,999.2072783259584,0.12810154887427094
229,Neighbor,128,19,1002.9735649347903,0.12762051212019943
230,Neighbor,128,20,1018.2661734370907,0.12570387128538738
231,Neighbor,128,21,995.1519013589074,0.12862357980245276
232,Neighbor,128,22,993.2276489885826,0.12887277164539687
233,Neighbor,128,23,990.4875452016106,0.12922928775843012
234,Neighbor,128,24,996.3648372105713,0.12846699845244391
235,Neighbor,128,25,991.2676058855374,0.12912759303341978
236,Neighbor,128,26,997.0040155157171,0.12838463838462058
237,Neighbor,128,27,987.6422804843603,0.1296015799741037
238,Neighbor,128,28,999.4622982156419,0.12806886285607844
239,Neighbor,128,29,1000.5115920708448,0.12793454969878698
240,Neighbor,256,0,1249.1903182136364,0.20493274424835797
241,Neighbor,256,1,1003.197914330532,0.25518394360980856
242,Neighbor,256,2,862.6793462024324,0.29674988873551655
243,Neighbor,256,3,784.7329855714286,0.3262256139438122
244,Neighbor,256,4,726.7398505140185,0.35225810146358816
245,Neighbor,256,5,666.012075064849,0.3843774153420169
246,Neighbor,256,6,960.5281483685925,0.2665200394541303
247,Neighbor,256,7,1094.8951200046886,0.2338123490758674
248,Neighbor,256,8,1298.7543273549493,0.1971119515123165
249,Neighbor,256,9,1470.7914774452272,0.17405594465686827
250,Neighbor,256,10,1479.7644080378295,0.17300051184462298
251,Neighbor,256,11,1469.5060045994194,0.17420820275571752
252,Neighbor,256,12,1468.7039609266294,0.17430333600958317
253,Neighbor,256,13,1396.1577397020142,0.18336037019329837
254,Neighbor,256,14,1444.642007622591,0.1772065318945642
255,Neighbor,256,15,1426.133810689295,0.17950629743240376
256,Neighbor,256,16,1418.5502112647678,0.18046594189412055
257,Neighbor,256,17,1402.3129017433766,0.182555547825123
258,Neighbor,256,18,1425.0460122667546,0.17964332224809548
259,Neighbor,256,19,1405.5587233193717,0.1821339768682376
260,Neighbor,256,20,1400.2985879837308,0.1828181519261621
261,Neighbor,256,21,1402.8425903616558,0.18248661807024458
262,Neighbor,256,22,1406.440148296259,0.1820198323477289
263,Neighbor,256,23,1383.1138288636641,0.185089610600108
264,Neighbor,256,24,1373.090859133056,0.18644068474946635
265,Neighbor,256,25,1378.498484478036,0.18570930826734536
266,Neighbor,256,26,1382.1096780455423,0.18522408464863127
267,Neighbor,256,27,1389.0335435711145,0.18430080481846445
268,Neighbor,256,28,1383.0666323586508,0.1850959266969107
269,Neighbor,256,29,1379.8691839223425,0.1855248330659201
270,Neighbor,512,0,1581.2695352195365,0.32379046620215585
271,Neighbor,512,1,1262.8407736344432,0.40543511952537703
272,Neighbor,512,2,1159.0134165216443,0.4417550243176487
273,Neighbor,512,3,984.7969680104067,0.5199041189519478
274,Neighbor,512,4,1104.6713988002996,0.46348624627744023
275,Neighbor,512,5,1572.1279718883422,0.32567323344868515
276,Neighbor,512,6,1719.129529956449,0.29782514410823396
277,Neighbor,512,7,1565.688171681802,0.3270127534079978
278,Neighbor,512,8,1467.3778765085142,0.34892171143962947
279,Neighbor,512,9,1226.4099587223777,0.4174786712702334
280,Neighbor,512,10,1142.8094915607792,0.4480186800870386
281,Neighbor,512,11,1014.0282104157183,0.5049169192147985
282,Neighbor,512,12,973.6020657457428,0.5258822038425187
283,Neighbor,512,13,1218.469202973552,0.4201993770138099
284,Neighbor,512,14,1307.609370580793,0.39155424511265785
285,Neighbor,512,15,1347.9778770586852,0.3798281920747796
286,Neighbor,512,16,1247.7513551003087,0.41033816385544175
287,Neighbor,512,17,1269.9006594446141,0.4031811434950519
288,Neighbor,512,18,1032.5778108182408,0.4958464094771494
289,Neighbor,512,19,1104.9862865531616,0.46335416668120566
290,Neighbor,512,20,1263.092106698861,0.40535444508328955
291,Neighbor,512,21,1143.2317880810242,0.44785318719961364
292,Neighbor,512,22,1032.2051868304366,0.4960254090295593
293,Neighbor,512,23,983.8706280903756,0.5203936222730385
294,Neighbor,512,24,952.1055382016776,0.5377555107672809
295,Neighbor,512,25,956.5531106185867,0.53525517226001
296,Neighbor,512,26,1109.0189893808777,0.46166928150241116
297,Neighbor,512,27,1224.1316098074476,0.4182556809235048
298,Neighbor,512,28,1082.1423404039308,0.47313553946044284
299,Neighbor,512,29,1073.6125767029482,0.4768945624429495
300,Neighbor,1024,0,1478.9550130504822,0.6923807627440303
301,Neighbor,1024,1,1418.5526378209295,0.7218625327664889
302,Neighbor,1024,2,1361.8092957928372,0.7519408210558831
303,Neighbor,1024,3,1488.9574515327859,0.687729524403708
304,Neighbor,1024,4,1576.596988440594,0.6495001623800097
305,Neighbor,1024,5,1413.9691400678398,0.7242025097880639
306,Neighbor,1024,6,1395.966067724025,0.7335421853552098
307,Neighbor,1024,7,1282.6416198406396,0.7983523878846421
308,Neighbor,1024,8,1141.4790055945991,0.8970817640807996
309,Neighbor,1024,9,1289.151434182208,0.794320956288265
310,Neighbor,1024,10,1474.1753021874501,0.6946256652655494
311,Neighbor,1024,11,1671.2976277553332,0.6126975728286661
312,Neighbor,1024,12,2156.9006204882617,0.47475529946678546
313,Neighbor,1024,13,1864.0966158416395,0.5493277501271918
314,Neighbor,1024,14,1684.3665865575463,0.6079436674725411
315,Neighbor,1024,15,1386.3734109106279,0.7386177432005091
316,Neighbor,1024,16,1743.7503001212083,0.5872400422978116
317,Neighbor,1024,17,1789.933205766606,0.5720883867068289
318,Neighbor,1024,18,1706.6471156928076,0.6000068734679874
319,Neighbor,1024,19,1827.944543915643,0.5601920492656128
320,Neighbor,1024,20,1818.8513429744191,0.5629926843418791
321,Neighbor,1024,21,2015.43974702206,0.5080777043883474
322,Neighbor,1024,22,1888.9210257473308,0.5421084238261711
323,Neighbor,1024,23,2020.505547333829,0.5068038547833861
324,Neighbor,1024,24,1707.794936922027,0.5996036045437421
325,Neighbor,1024,25,1727.6605536213845,0.5927090236873053
326,Neighbor,1024,26,1555.4108694656757,0.6583469487723015
327,Neighbor,1024,27,1736.1754805117957,0.5898021320391772
328,Neighbor,1024,28,2266.537817266199,0.4517903880532226
329,Neighbor,1024,29,1984.2712404619044,0.5160584798687252
330,Neighbor,2048,0,2597.926952051984,0.7883208565130665
331,Neighbor,2048,1,2989.793105413553,0.6849972315113481
332,Neighbor,2048,2,2805.4089730604474,0.7300183394529524
333,Neighbor,2048,3,2777.9822095026643,0.7372257435610607
334,Neighbor,2048,4,2854.485611371202,0.7174672704047044
335,Neighbor,2048,5,2842.243896557337,0.720557444940118
336,Neighbor,2048,6,2856.5778125846455,0.7169417864192398
337,Neighbor,2048,7,2892.0576759602764,0.708146319841282
338,Neighbor,2048,8,2840.2614411300624,0.7210603820981905
339,Neighbor,2048,9,2910.591019815138,0.7036371603077631
340,Neighbor,2048,10,2657.27198225596,0.7707152349009065
341,Neighbor,2048,11,2667.6271124995865,0.7677234911895197
342,Neighbor,2048,12,2799.1161045535673,0.7316595394768867
343,Neighbor,2048,13,2627.8087988481793,0.7793565501788711
344,Neighbor,2048,14,2842.035104998345,0.7206103810604383
345,Neighbor,2048,15,2524.73377571695,0.8111746354002922
346,Neighbor,2048,16,2547.438575612126,0.803944801498456
347,Neighbor,2048,17,2819.4288527372714,0.726388253426462
348,Neighbor,2048,18,2686.2546278770196,0.7623998033345631
349,Neighbor,2048,19,2588.0967954760795,0.7913150712059328
350,Neighbor,2048,20,2481.8410558082414,0.825193859698257
351,Neighbor,2048,21,2700.108764221349,0.7584879643137625
352,Neighbor,2048,22,2770.7179538186283,0.7391585986503708
353,Neighbor,2048,23,2975.205802233138,0.6883557428070376
354,Neighbor,2048,24,2579.3721596295927,0.7939916666752348
355,Neighbor,2048,25,2756.3097451203325,0.7430224428243968
356,Neighbor,2048,26,2644.400824003924,0.7744665564349261
357,Neighbor,2048,27,2581.615076554917,0.7933018437175348
358,Neighbor,2048,28,2673.929050666206,0.7659141140972845
359,Neighbor,2048,29,2567.0125655907755,0.7978145597930373
360,Neighbor,4096,0,3095.17690035603,1.3233492404033025
361,Neighbor,4096,1,3070.8526527891167,1.3338314999515812
362,Neighbor,4096,2,3103.9428663336685,1.3196119182561292
363,Neighbor,4096,3,3141.9605287409713,1.3036446392410046
364,Neighbor,4096,4,2976.231585585064,1.3762369903734535
365,Neighbor,4096,5,2960.2781593661575,1.3836537580228672
366,Neighbor,4096,6,2980.4572554705087,1.3742857719170298
367,Neighbor,4096,7,2944.3481514413593,1.3911398344638242
368,Neighbor,4096,8,2845.08893618234,1.4396737999678086
369,Neighbor,4096,9,3073.031674334335,1.3328857083411791
370,Neighbor,4096,10,2923.1999388462373,1.4012041891382419
371,Neighbor,4096,11,2697.8918954407563,1.518222433938864
372,Neighbor,4096,12,2443.408074535357,1.6763470836851115
373,Neighbor,4096,13,2863.9547814498374,1.4301901784658964
374,Neighbor,4096,14,2824.8194686985394,1.4500041667749917
375,Neighbor,4096,15,2846.3708440641767,1.439025420226532
376,Neighbor,4096,16,2857.940772612697,1.4331997497119169
377,Neighbor,4096,17,2816.3651037913373,1.4543568923240962
378,Neighbor,4096,18,2657.022741078817,1.5415750631990914
379,Neighbor,4096,19,2744.059314296856,1.4926791045147536
380,Neighbor,4096,20,2669.920848587029,1.5341278758011416
381,Neighbor,4096,21,2735.526069496016,1.4973353921480386
382,Neighbor,4096,22,2821.0080732053584,1.4519632321881084
383,Neighbor,4096,23,2784.787092821634,1.4708485293393845
384,Neighbor,4096,24,2792.8939744101986,1.4665791245673732
385,Neighbor,4096,25,2764.8677816503655,1.4814451624717746
386,Neighbor,4096,26,2809.0528441454644,1.4581427360958155
387,Neighbor,4096,27,2845.012756117458,1.4397123496872273
388,Neighbor,4096,28,2854.7862724605898,1.434783416017195
389,Neighbor,4096,29,2817.499644138309,1.453771257264063
390,Neighbor,8192,0,3256.329443365857,2.5157159748346776
391,Neighbor,8192,1,3293.4609896114825,2.4873529778673285
392,Neighbor,8192,2,3128.7354610541342,2.618310209339319
393,Neighbor,8192,3,3191.37148609956,2.5669214742568633
394,Neighbor,8192,4,3099.0401991718327,2.6433990763298834
395,Neighbor,8192,5,3171.4661819714406,2.5830324304160497
396,Neighbor,8192,6,3204.420293953142,2.556468642848943
397,Neighbor,8192,7,3316.0605191686077,2.4704012344303874
398,Neighbor,8192,8,3303.083772617069,2.4801066409252437
399,Neighbor,8192,9,3358.1852090382126,2.4394128048542614
400,Neighbor,8192,10,3366.253897446417,2.4335656933703995
401,Neighbor,8192,11,3301.294570393664,2.481450784024748
402,Neighbor,8192,12,3439.1393899646655,2.38199126906693
403,Neighbor,8192,13,3406.2520408125156,2.404989384768459
404,Neighbor,8192,14,3317.712308005212,2.469171296207257
405,Neighbor,8192,15,3467.6638147502404,2.3623974057560226
406,Neighbor,8192,16,3475.6184604001664,2.356990588390652
407,Neighbor,8192,17,3289.1145432511307,2.4906399252069233
408,Neighbor,8192,18,3394.509513112506,2.4133088943647008
409,Neighbor,8192,19,3077.2993388065483,2.6620744679251964
410,Neighbor,8192,20,3145.5346621268704,2.6043267297715724
411,Neighbor,8192,21,3148.3911605465546,2.601963854636755
412,Neighbor,8192,22,3166.583660171104,2.5870151807570916
413,Neighbor,8192,23,3194.8134424914806,2.5641559820192366
414,Neighbor,8192,24,3295.9756788477202,2.4854552333541307
415,Neighbor,8192,25,3188.2622292161623,2.569424787249703
416,Neighbor,8192,26,3248.287886866397,2.521943954882266
417,Neighbor,8192,27,3241.765062848858,2.527018411630633
418,Neighbor,8192,28,3140.6993477654437,2.608336263013674
419,Neighbor,8192,29,3219.133819588745,2.544783926083121
420,Neighbor,16384,0,4318.466630528665,3.7939392385658612
421,Neighbor,16384,1,4403.911228541672,3.720329304963184
422,Neighbor,16384,2,4150.19696871375,3.9477644370883467
423,Neighbor,16384,3,4211.335116560398,3.8904526822319503
424,Neighbor,16384,4,4150.736650985525,3.9472511454346026
425,Neighbor,16384,5,4197.346386163708,3.903418610865388
426,Neighbor,16384,6,4173.724188232985,3.9255109492360667
427,Neighbor,16384,7,4212.949489880494,3.88896188747441
428,Neighbor,16384,8,4315.699123559266,3.796372159161944
429,Neighbor,16384,9,4110.796550465505,3.9856022546639243
430,Neighbor,16384,10,4216.551001247951,3.885640182023392
431,Neighbor,16384,11,4214.237716044898,3.8877730930130205
432,Neighbor,16384,12,3996.1683006776743,4.099927422281385
433,Neighbor,16384,13,4140.176542789546,3.957319170008358
434,Neighbor,16384,14,4228.417809947426,3.8747353588040325
435,Neighbor,16384,15,4122.947428564668,3.9738561511815833
436,Neighbor,16384,16,4205.984485670303,3.8954019102590443
437,Neighbor,16384,17,4338.246384571005,3.776641192687851
438,Neighbor,16384,18,4305.752459512651,3.8051421102490486
439,Neighbor,16384,19,4138.892615897336,3.9585467709574425
440,Neighbor,16384,20,4164.9065785468965,3.93382172949393
441,Neighbor,16384,21,4069.0228082054387,4.026519577860473
442,Neighbor,16384,22,4207.297793377991,3.8941859608291423
443,Neighbor,16384,23,4136.774514650977,3.9605736164670624
444,Neighbor,16384,24,4137.4590857158155,3.9599183123198007
445,Neighbor,16384,25,4124.207315518719,3.9726421943799193
446,Neighbor,16384,26,4181.408710913497,3.9182967111628386
447,Neighbor,16384,27,4295.516072872838,3.8142099161189713
448,Neighbor,16384,28,4284.863109816791,3.8236927481915606
449,Neighbor,16384,29,4299.432928911007,3.8107351064434125
450,Neighbor,32768,0,8772.892467705107,3.735142100581538
451,Neighbor,32768,1,8908.106039650545,3.678447456075125
452,Neighbor,32768,2,8971.962094443214,3.652266879314489
453,Neighbor,32768,3,9022.825642200598,3.63167829008476
454,Neighbor,32768,4,8883.50233838447,3.68863526476643
455,Neighbor,32768,5,8964.781998973858,3.6551920619766043
456,Neighbor,32768,6,8928.891078245759,3.6698846153287223
457,Neighbor,32768,7,8888.20530373081,3.686683518240256
458,Neighbor,32768,8,8996.860875146907,3.6421592436222867
459,Neighbor,32768,9,8734.877843039136,3.751397625567594
460,Neighbor,32768,10,8884.412573601337,3.688257352811942
461,Neighbor,32768,11,8837.749681684707,3.7077311736841994
462,Neighbor,32768,12,8810.480439531131,3.7192069405177435
463,Neighbor,32768,13,8256.737267061608,3.9686378456924567
464,Neighbor,32768,14,8012.9074302362815,4.0894020410558705
465,Neighbor,32768,15,8245.267379701187,3.9741585676979625
466,Neighbor,32768,16,8572.31608692622,3.8225375345147405
467,Neighbor,32768,17,8549.982398216727,3.832522509851532
468,Neighbor,32768,18,8478.238405891387,3.864953830176569
469,Neighbor,32768,19,8610.67640310944,3.805508239534701
470,Neighbor,32768,20,8640.41770612546,3.7924092462300463
471,Neighbor,32768,21,8700.419522297163,3.7662551691930717
472,Neighbor,32768,22,8710.530705034154,3.7618833007571055
473,Neighbor,32768,23,8513.717554380582,3.848847438348457
474,Neighbor,32768,24,8501.591452696157,3.854337177024438
475,Neighbor,32768,25,8240.541942008213,3.9764375001790797
476,Neighbor,32768,26,8643.26693119647,3.7911590907518105
477,Neighbor,32768,27,8633.51914245354,3.795439548963314
478,Neighbor,32768,28,8321.234047238986,3.937877460720208
479,Neighbor,32768,29,8304.983744960067,3.9455826773755547
480,Neighbor,65536,0,5822.417000032309,11.255806652054693
481,Neighbor,65536,1,5783.247351547492,11.332041674209863
482,Neighbor,65536,2,6093.6858855267765,10.754738795390773
483,Neighbor,65536,3,6062.403784935898,10.810233419761062
484,Neighbor,65536,4,6068.659706999006,10.799089611898507
485,Neighbor,65536,5,5918.7087323401665,11.072685439293119
486,Neighbor,65536,6,6128.220036926526,10.694132979087373
487,Neighbor,65536,7,5909.3250214843,11.090268306741184
488,Neighbor,65536,8,5847.643510318626,11.207249532971117
489,Neighbor,65536,9,5861.041673504935,11.181630101054907
490,Neighbor,65536,10,5935.856456162026,11.040698252055424
491,Neighbor,65536,11,6022.23737640507,10.882334239558196
492,Neighbor,65536,12,6023.654782279892,10.879773554220066
493,Neighbor,65536,13,5786.854749665085,11.324977528387576
494,Neighbor,65536,14,6319.410201963527,10.37058806210065
495,Neighbor,65536,15,6413.704884227196,10.218119040863323
496,Neighbor,65536,16,6379.4317489213545,10.273015305960588
497,Neighbor,65536,17,6091.533693962191,10.758538537668764
498,Neighbor,65536,18,5435.501516516361,12.057029107776302
499,Neighbor,65536,19,5929.177270545162,11.053135537972244
500,Neighbor,65536,20,5679.690882899059,11.538656126044092
501,Neighbor,65536,21,5819.468161756609,11.261510189312201
502,Neighbor,65536,22,5748.287032644669,11.400961647847328
503,Neighbor,65536,23,5955.162601446571,11.004905220233722
504,Neighbor,65536,24,5802.921474467752,11.293621719396265
505,Neighbor,65536,25,5751.309790228881,11.39496956177558
506,Neighbor,65536,26,5920.996551375386,11.068407054683501
507,Neighbor,65536,27,5754.447552128427,11.388756158835761
508,Neighbor,65536,28,6291.01965011092,10.417389174558451
509,Neighbor,65536,29,6252.449313180837,10.481652344121054
510,Neighbor,131072,0,5616.348217471694,23.33758430295559
511,Neighbor,131072,1,5760.972552642527,22.751714020903982
512,Neighbor,131072,2,5718.632774558622,22.92016381662424
513,Neighbor,131072,3,5760.281100321855,22.754445089958608
514,Neighbor,131072,4,5547.404103361363,23.627627906281244
515,Neighbor,131072,5,4929.134326864933,26.591281817098587
516,Neighbor,131072,6,5710.027751928917,22.954704546877604
517,Neighbor,131072,7,5657.221778812362,23.168969703626566
518,Neighbor,131072,8,5186.917696639403,25.269728124840185
519,Neighbor,131072,9,4282.6759349948825,30.605164151920967
520,Neighbor,131072,10,5109.559793821867,25.652307691649558
521,Neighbor,131072,11,5017.341494630087,26.123794870307812
522,Neighbor,131072,12,5084.1860390442225,25.78033120610202
523,Neighbor,131072,13,5455.963750287408,24.02362002370258
524,Neighbor,131072,14,5485.294306808453,23.895162714844837
525,Neighbor,131072,15,5462.112957773845,23.996574405048573
526,Neighbor,131072,16,5360.00949516724,24.4536880239072
527,Neighbor,131072,17,5537.574699563507,23.669567836318596
528,Neighbor,131072,18,5498.401862560339,23.83819940344741
529,Neighbor,131072,19,5488.879832269199,23.879553571099507
530,Neighbor,131072,20,5581.970197096206,23.481314907088702
531,Neighbor,131072,21,5408.645538988753,24.233793665189296
532,Neighbor,131072,22,5587.932674938717,23.456259698303807
533,Neighbor,131072,23,5267.907700894062,24.881225610265464
534,Neighbor,131072,24,5603.586557440389,23.390733534037025
535,Neighbor,131072,25,5475.709559286926,23.936989093531988
536,Neighbor,131072,26,5577.383348083426,23.500625978137347
537,Neighbor,131072,27,5505.2091887658125,23.80872288513062
538,Neighbor,131072,28,5709.830595178559,22.955497157950465
539,Neighbor,131072,29,5095.812880311181,25.72150961555636
540,Neighbor,262144,0,5057.129928981704,51.83651669649407
541,Neighbor,262144,1,5299.473328037682,49.46604761893728
542,Neighbor,262144,2,5336.841659531758,49.11968852060714
543,Neighbor,262144,3,5281.781578560973,49.6317380983826
544,Neighbor,262144,4,5268.864282234455,49.75341666778106
545,Neighbor,262144,5,5378.490308970328,48.73932738389288
546,Neighbor,262144,6,5355.922914931933,48.94469247665256
547,Neighbor,262144,7,5258.7761080786795,49.84886114419039
548,Neighbor,262144,8,5008.792217634844,52.33676874777302
549,Neighbor,262144,9,5326.834287144671,49.21196828529771
550,Neighbor,262144,10,5232.772684925087,50.096577050862834
551,Neighbor,262144,11,5240.921640587742,50.01868334948085
552,Neighbor,262144,12,5235.025179211396,50.075021805241704
553,Neighbor,262144,13,5313.530344131069,49.33518452370273
554,Neighbor,262144,14,5246.635301689303,49.964212285842564
555,Neighbor,262144,15,5351.392437093219,48.98612895270899
556,Neighbor,262144,16,5249.741121706279,49.93465276146751
557,Neighbor,262144,17,5330.957573495167,49.17390476025287
558,Neighbor,262144,18,5263.0353349464685,49.80851985913302
559,Neighbor,262144,19,5208.611244568866,50.32896249904297
560,Neighbor,262144,20,5192.054120125692,50.48945830203593
561,Neighbor,262144,21,5037.147570408273,52.0421520981472
562,Neighbor,262144,22,5047.4035251304895,51.936406252207235
563,Neighbor,262144,23,4950.489538993595,52.95314694338135
564,Neighbor,262144,24,5037.0124746629235,52.043547900393605
565,Neighbor,262144,25,5247.292098162355,49.957958332795116
566,Neighbor,262144,26,5081.4117886961985,51.58881249953993
567,Neighbor,262144,27,4950.322865168695,52.954929837908004
568,Neighbor,262144,28,4843.04755280138,54.12790131461071
569,Neighbor,262144,29,4711.739171331188,55.63635644244237
570,Neighbor,524288,0,4293.179093255673,122.12115744801446
571,Neighbor,524288,1,4642.450774767939,112.93345378039197
572,Neighbor,524288,2,4591.149347481289,114.19537033523535
573,Neighbor,524288,3,4312.039772939499,121.58700466776888
574,Neighbor,524288,4,4317.469409458697,121.43409721708547
575,Neighbor,524288,5,4618.11866782288,113.52848155527478
576,Neighbor,524288,6,4834.0027287079265,108.45835830550641
577,Neighbor,524288,7,4653.688362674416,112.66074544336233
578,Neighbor,524288,8,4598.83433057039,114.00454165413976
579,Neighbor,524288,9,4823.0072757262915,108.70562079362571
580,Neighbor,524288,10,4692.626333363068,111.72592121228162
581,Neighbor,524288,11,4608.441415599047,113.7668796711498
582,Neighbor,524288,12,4829.951729606309,108.5493249935098
583,Neighbor,524288,13,4671.957455080547,112.22019999986514
584,Neighbor,524288,14,4735.424242812542,110.71616250555962
585,Neighbor,524288,15,4612.423621009928,113.66865732189682
586,Neighbor,524288,16,4643.143243408246,112.9166111220709
587,Neighbor,524288,17,4617.799484367017,113.53632867232794
588,Neighbor,524288,18,4704.266332576288,111.44947223106607
589,Neighbor,524288,19,4740.652149370573,110.59406669810414
590,Neighbor,524288,20,4707.459797713011,111.37386669870466
591,Neighbor,524288,21,4704.203078981408,111.45097080152482
592,Neighbor,524288,22,4762.179453208481,110.09412920102477
593,Neighbor,524288,23,4723.231454826509,111.00197079358622
594,Neighbor,524288,24,4781.141642822664,109.65749169699848
595,Neighbor,524288,25,4693.387920467264,111.70779166018798
596,Neighbor,524288,26,4740.442654311484,110.598954197485
597,Neighbor,524288,27,4686.379388612744,111.87485188970135
598,Neighbor,524288,28,4589.131637451972,114.24557877601022
599,Neighbor,524288,29,4772.461096395989,109.85694580012932
